{"run": {"data": "/home/xihaocheng20/data/cifar10", "dataset": "cifar10", "data_backend": "pytorch", "arch": "preact_resnet56", "model_config": "fanin", "workers": 5, "epochs": 200, "start_epoch": 0, "batch_size": 128, "optimizer_batch_size": -1, "lr": 0.1, "lr_schedule": "cosine", "warmup": 20, "label_smoothing": 0.1, "mixup": 0.0, "momentum": 0.9, "weight_decay": 0.0001, "bn_weight_decay": false, "nesterov": false, "print_freq": 100, "resume": "pass", "pretrained_weights": "", "fp16": false, "static_loss_scale": 128.0, "dynamic_loss_scale": false, "prof": -1, "amp": true, "local_rank": 0, "seed": null, "gather_checkpoints": true, "raport_file": "raport.json", "final_weights": "model.pth.tar", "evaluate": false, "training_only": false, "save_checkpoints": true, "workspace": "./results/cifar/exact/models", "qa": true, "qw": true, "qg": true, "biased": false, "abits": 0, "wbits": 0, "biasbits": 16, "bbits": 0, "bwbits": 0, "biprecision": true, "distributed": false, "gpu": 0, "world_size": 1}, "epoch": {"ep": [0, 1, 2, 3, 4, 5], "train.top1": [0.0, 0.0, 0.0, 0.0, 0.0], "train.top5": [0.0, 0.0, 0.0, 0.0, 0.0], "train.loss": [2.0642127403846153, 1.7150465745192307, 1.5032251602564102, 1.3563050881410257, 1.2491912059294872], "train.compute_ips": [1728.6408367258673, 1703.6966714063938, 1700.304063163126, 1701.2549719198664, 1698.0642920089638], "train.total_ips": [1705.216186719524, 1646.9596835718642, 1663.2784593197073, 1675.2432735571017, 1653.9664940024816], "train.data_time": [0.0036547514108511117, 0.00391154258679121, 0.003962269196143517, 0.003949939134793403, 0.004065710948063777], "train.compute_time": [0.07551335493723552, 0.07634477248558631, 0.07630460914383587, 0.07611548946453975, 0.07620596164312118], "val.top1": [32.852056962025316, 48.99129746835443, 54.9940664556962, 59.078322784810126, 65.3876582278481], "val.top5": [87.9054588607595, 93.33465189873418, 95.16416139240506, 96.3310917721519, 97.3496835443038], "val.loss": [1.8669649920886076, 1.5888919106012658, 1.5235363924050633, 1.421170391613924, 1.2667993473101267], "val.compute_ips": [8203.477308982128, 7780.3856418261785, 7720.507670787853, 7786.256313550939, 7921.955092742139], "val.total_ips": [7048.970838232871, 6668.348382002272, 6569.361329972637, 6639.026773606451, 6811.759597027379], "val.data_time": [0.017518197433857977, 0.01869651184806341, 0.01857025713860234, 0.01802211773546436, 0.017745775512502164], "val.compute_time": [0.01872861536243294, 0.019383486313155934, 0.019122359118884123, 0.01869784125798865, 0.01815193816076351]}, "iter": {"it": [[100, 200, 300], [100, 200, 300], [100, 200, 300], [100, 200, 300], [100, 200, 300], [100, 200, 300]], "lr": [[0.005, 0.005, 0.005, 0.01, 0.01, 0.01, 0.015000000000000003, 0.015000000000000003, 0.015000000000000003, 0.02, 0.02, 0.02, 0.025, 0.025, 0.025, 0.030000000000000006, 0.030000000000000006, 0.030000000000000006]], "train.top1": [[0.0, 0.0, 0.0], [0.0, 0.0, 0.0], [0.0, 0.0, 0.0], [0.0, 0.0, 0.0], [0.0, 0.0, 0.0], [0.0, 0.0, 0.0]], "train.top5": [[0.0, 0.0, 0.0], [0.0, 0.0, 0.0], [0.0, 0.0, 0.0], [0.0, 0.0, 0.0], [0.0, 0.0, 0.0], [0.0, 0.0, 0.0]], "train.loss": [[2.25390625, 1.9794921875, 1.9462890625], [1.720703125, 1.7216796875, 1.6806640625], [1.6123046875, 1.4599609375, 1.4716796875], [1.4619140625, 1.357421875, 1.3310546875], [1.3203125, 1.29296875, 1.1630859375], [1.1806640625, 1.1220703125, 1.0830078125]], "train.compute_ips": [[1750.2189505941417, 1782.2328481086195, 1773.044927938282], [1672.1460380543624, 1742.267153450486, 1720.1887600128164], [1564.414025415456, 1717.1187431634567, 1667.1301139945285], [1577.6307867717499, 1827.5087891289843, 1770.7349888354206], [1665.392491213485, 1612.864294555199, 1684.438297712127], [1788.5085249418678, 1653.7678069216197, 1724.7423893907658]], "train.total_ips": [[1733.855160831934, 1760.2036425632366, 1756.052517613811], [1655.945911266841, 1725.3188333140513, 1696.9340754858918], [1549.639086849724, 1697.6155320158102, 1649.2159333519696], [1559.845988459594, 1808.3220058675129, 1752.841827572922], [1646.5149954763622, 1599.5438922655226, 1666.6074118224094], [1769.2994328311972, 1633.3158259811378, 1701.2143063112164]], "train.data_time": [[0.0006902217864990234, 0.0008988380432128906, 0.0006985664367675781], [0.0007488727569580078, 0.0007216930389404297, 0.0010197162628173828], [0.0007801055908203125, 0.0008563995361328125, 0.0008339881896972656], [0.0009250640869140625, 0.0007431507110595703, 0.0007379055023193359], [0.000881195068359375, 0.0006608963012695312, 0.0008130073547363281], [0.0007770061492919922, 0.0009691715240478516, 0.0010263919830322266]], "train.compute_time": [[0.07313370704650879, 0.07182002067565918, 0.07219219207763672], [0.07654833793640137, 0.07346749305725098, 0.07441043853759766], [0.08181977272033691, 0.07454347610473633, 0.07677865028381348], [0.08113431930541992, 0.07004070281982422, 0.07228636741638184], [0.0768587589263916, 0.0793619155883789, 0.0759897232055664], [0.07156801223754883, 0.07739901542663574, 0.07421398162841797]]}, "event": {}}