{"run": {"data": "/data/LargeData/Large/ImageNet", "dataset": "imagenet", "data_backend": "pytorch", "arch": "resnet18", "model_config": "fanin", "workers": 5, "epochs": 90, "start_epoch": 0, "batch_size": 64, "optimizer_batch_size": 512, "lr": 0.512, "lr_schedule": "cosine", "warmup": 4, "label_smoothing": 0.1, "mixup": 0.0, "momentum": 0.875, "weight_decay": 3.0517578125e-05, "bn_weight_decay": false, "nesterov": false, "print_freq": 100, "resume": "", "pretrained_weights": "", "fp16": false, "static_loss_scale": 128.0, "dynamic_loss_scale": false, "prof": -1, "amp": true, "local_rank": 0, "seed": null, "gather_checkpoints": true, "raport_file": "raport.json", "final_weights": "model.pth.tar", "evaluate": false, "training_only": false, "save_checkpoints": true, "workspace": "./results/imagenet/exact/models", "qa": true, "qw": true, "qg": true, "biased": false, "abits": 8, "wbits": 8, "biasbits": 16, "bbits": 8, "bwbits": 8, "biprecision": true, "distributed": true, "gpu": 0, "world_size": 8}, "epoch": {"ep": [0]}, "iter": {"it": [[100, 200, 300, 400, 500, 600, 700, 800, 900, 1000, 1100, 1200, 1300, 1400, 1500, 1600, 1700, 1800, 1900, 2000, 2100, 2200, 2300, 2400, 2500]], "lr": [[0.128, 0.128, 0.128, 0.128, 0.128, 0.128, 0.128, 0.128, 0.128, 0.128, 0.128, 0.128, 0.128, 0.128, 0.128, 0.128, 0.128, 0.128, 0.128, 0.128, 0.128, 0.128, 0.128, 0.128, 0.128]], "train.top1": [[0.0, 0.0, 0.0, 0.0, 0.0, 0.0, 0.0, 0.0, 0.0, 0.0, 0.0, 0.0, 0.0, 0.0, 0.0, 0.0, 0.0, 0.0, 0.0, 0.0, 0.0, 0.0, 0.0, 0.0, 0.0]], "train.top5": [[0.0, 0.0, 0.0, 0.0, 0.0, 0.0, 0.0, 0.0, 0.0, 0.0, 0.0, 0.0, 0.0, 0.0, 0.0, 0.0, 0.0, 0.0, 0.0, 0.0, 0.0, 0.0, 0.0, 0.0, 0.0]], "train.loss": [[6.63037109375, 6.2724609375, 6.1845703125, 6.0048828125, 5.9599609375, 5.79443359375, 5.7109375, 5.4853515625, 5.55126953125, 5.4228515625, 5.3994140625, 5.25341796875, 5.2529296875, 5.30908203125, 5.14111328125, 5.1201171875, 4.98876953125, 4.84912109375, 4.80029296875, 4.78125, 4.8486328125, 4.9267578125, 4.61962890625, 4.71728515625, 4.45556640625]], "train.compute_ips": [[4216.026417361327, 4576.651012518488, 4809.109155852154, 4219.008271087343, 3346.0012028556916, 2085.889419336415, 3503.7732507105493, 4298.182336387618, 3325.0501633506233, 643.9665788546454, 3777.236586090869, 3093.1133564460397, 621.1585564483402, 437.6602308214196, 419.95862921330735, 302.8574800373445, 404.09202943806974, 3727.843073536713, 4431.190968761672, 529.8302625560243, 1203.6108308424891, 5509.999276446273, 476.6945422443372, 3793.3766838481297, 4166.691530540772]], "train.total_ips": [[1170.677426986787, 4478.393330010573, 4781.036113516799, 4201.648678842899, 3316.807574271571, 1956.8404263074253, 3486.520009286634, 4271.550655307604, 3099.7657988218634, 642.170114326588, 2747.931387565564, 3063.317577514293, 620.6026170989966, 431.208714438062, 419.6717112339595, 298.4282816834235, 400.62967861139856, 3710.734425164414, 2146.0200623174997, 529.4710249552257, 1193.8304197534158, 4909.375659827399, 474.05830509013356, 3779.410368774705, 3786.9481955649608]], "train.data_time": [[0.31591224670410156, 0.002454519271850586, 0.0006251335144042969, 0.0005013942718505859, 0.0013468265533447266, 0.016187429428100586, 0.0007231235504150391, 0.0007426738739013672, 0.011191129684448242, 0.0022242069244384766, 0.05077314376831055, 0.0016100406646728516, 0.0007383823394775391, 0.017502784729003906, 0.0008335113525390625, 0.025090932846069336, 0.010950088500976562, 0.00063323974609375, 0.12303662300109863, 0.0006556510925292969, 0.003484964370727539, 0.011368274688720703, 0.005972862243652344, 0.0004987716674804688, 0.012321949005126953]], "train.compute_time": [[0.12144136428833008, 0.11187219619750977, 0.10646462440490723, 0.12135553359985352, 0.15301847457885742, 0.24545884132385254, 0.14612817764282227, 0.11912012100219727, 0.15398263931274414, 0.7950723171234131, 0.13554883003234863, 0.1655290126800537, 0.8242661952972412, 1.1698572635650635, 1.219167709350586, 1.6905641555786133, 1.267038106918335, 0.1373448371887207, 0.11554455757141113, 0.9663472175598145, 0.4253866672515869, 0.09292197227478027, 1.0740630626678467, 0.13497209548950195, 0.1228792667388916]]}, "event": {}}