{"run": {"data": "/home/xihaocheng20/data/cifar10", "dataset": "cifar10", "data_backend": "pytorch", "arch": "preact_resnet56", "model_config": "fanin", "workers": 5, "epochs": 200, "start_epoch": 0, "batch_size": 128, "optimizer_batch_size": -1, "lr": 0.1, "lr_schedule": "cosine", "warmup": 0, "label_smoothing": 0.0, "mixup": 0.0, "momentum": 0.9, "weight_decay": 0.0001, "bn_weight_decay": false, "nesterov": false, "print_freq": 100, "resume": "", "pretrained_weights": "", "fp16": false, "static_loss_scale": 1, "dynamic_loss_scale": false, "prof": -1, "amp": false, "local_rank": 0, "seed": null, "gather_checkpoints": true, "raport_file": "raport.json", "final_weights": "model.pth.tar", "evaluate": false, "training_only": false, "save_checkpoints": true, "workspace": "results/cifar/exact", "qa": true, "qw": true, "qg": true, "biased": false, "abits": 8, "wbits": 8, "biasbits": 16, "bbits": 8, "bwbits": 8, "biprecision": true, "distributed": false, "gpu": 0, "world_size": 1}, "epoch": {"ep": [0, 1, 2, 3, 4, 5, 6, 7, 8, 9, 10, 11, 12], "train.top1": [0.0, 0.0, 0.0, 0.0, 0.0, 0.0, 0.0, 0.0, 0.0, 0.0, 0.0, 0.0], "train.top5": [0.0, 0.0, 0.0, 0.0, 0.0, 0.0, 0.0, 0.0, 0.0, 0.0, 0.0, 0.0], "train.loss": [1.4992097654403784, 0.9870246207102751, 0.7924052327107161, 0.6829224413022017, 0.6153609845882807, 0.5562006710431515, 0.5206890699955133, 0.48462397463810747, 0.46024510256755047, 0.4340193373270524, 0.4091825912014032, 0.39233033462212635], "train.compute_ips": [1727.5921634384686, 1784.0560444677412, 1797.7857574910897, 1784.8823467945188, 1744.7751270564963, 1747.1066626231864, 1730.068353999184, 1744.3804656344114, 1755.6139749427211, 1740.9753917093713, 1737.7590169890716, 1732.42407963241], "train.total_ips": [1615.4387181890609, 1739.2375106975057, 1720.872018033402, 1616.5553728902078, 1470.445094253818, 1640.1052557820549, 1510.1496618068288, 1731.4099694733177, 1749.5050442665702, 1467.4027841257316, 1587.059536712651, 1569.275194610453], "train.data_time": [0.00983570722433237, 0.009078628283280593, 0.00842391242328872, 0.00882146954536438, 0.009310795588371081, 0.00930610997045142, 0.009495062356466775, 0.009333963730396369, 0.009104884519875898, 0.009381279578575721, 0.009344575177261602, 0.00938313965104584], "train.compute_time": [0.0815850508518708, 0.07854185899098715, 0.07806951734754775, 0.07874166079056569, 0.08089958337637095, 0.08086438505058614, 0.08187995227701934, 0.08123452220207605, 0.08069560398743024, 0.08148935116254366, 0.08170049790735845, 0.08194150364297068], "val.top1": [56.97191455696203, 59.49367088607595, 63.31091772151899, 75.4054588607595, 78.06566455696202, 79.29193037974683, 81.46756329113924, 77.89754746835443, 81.17088607594937, 77.59098101265823, 83.88053797468355, 82.54549050632912], "val.top5": [95.15427215189874, 94.04667721518987, 97.5573575949367, 98.18037974683544, 98.5363924050633, 98.65506329113924, 98.94185126582279, 98.63528481012658, 99.1198575949367, 98.5067246835443, 99.13963607594937, 99.2879746835443], "val.loss": [1.222927117649513, 1.312792788577985, 1.0666425733626643, 0.7177944828437853, 0.6502912674523607, 0.6369469648675073, 0.5538288920740538, 0.6822136489650871, 0.5636415764500823, 0.6802144258082667, 0.4849394540998, 0.5350877355925644], "val.compute_ips": [7845.607524964624, 7971.304914083596, 8294.929362618836, 8294.669010817373, 8642.76117585005, 8449.26558201631, 8470.483472865395, 8559.11907237455, 8533.213297656464, 8489.875717079476, 8417.371245365615, 8404.960460610157], "val.total_ips": [6554.269569219783, 6665.465455799104, 6999.24668006732, 6888.843069390843, 7243.648216915571, 6905.786557243617, 6945.871579291202, 7026.954035508492, 7033.865793007062, 6899.537824877575, 6755.4984133031385, 6691.047061776509], "val.data_time": [0.01991431924361217, 0.01893590824513496, 0.01861623872684527, 0.018898511234718033, 0.018083496938777876, 0.019202332959396426, 0.019160841515870466, 0.018659579602977896, 0.018331288620724792, 0.01898913262765619, 0.019825340826300126, 0.019697568336116612], "val.compute_time": [0.02088428750822816, 0.019726306577272052, 0.018985746279044494, 0.01914165517951869, 0.018637091600442236, 0.019058830627409214, 0.01906885592027771, 0.018750993134100225, 0.01876036527287608, 0.018844490715220003, 0.019069103157561447, 0.019085535017246937]}, "iter": {"it": [[100, 200, 300], [100, 200, 300], [100, 200, 300], [100, 200, 300], [100, 200, 300], [100, 200, 300], [100, 200, 300], [100, 200, 300], [100, 200, 300], [100, 200, 300], [100, 200, 300], [100, 200, 300], [100, 200, 300]], "lr": [[0.1, 0.1, 0.1, 0.09999383162408304, 0.09999383162408304, 0.09999383162408304, 0.0999753280182866, 0.0999753280182866, 0.0999753280182866, 0.09994449374809851, 0.09994449374809851, 0.09994449374809851, 0.09990133642141358, 0.09990133642141358, 0.09990133642141358, 0.0998458666866564, 0.0998458666866564, 0.0998458666866564, 0.09977809823015399, 0.09977809823015399, 0.09977809823015399, 0.09969804777275898, 0.09969804777275898, 0.09969804777275898, 0.09960573506572389, 0.09960573506572389, 0.09960573506572389, 0.09950118288582788, 0.09950118288582788, 0.09950118288582788, 0.0993844170297569, 0.0993844170297569, 0.0993844170297569, 0.0992554663077387, 0.0992554663077387, 0.0992554663077387, 0.09911436253643444, 0.09911436253643444, 0.09911436253643444]], "train.top1": [[0.0, 0.0, 0.0], [0.0, 0.0, 0.0], [0.0, 0.0, 0.0], [0.0, 0.0, 0.0], [0.0, 0.0, 0.0], [0.0, 0.0, 0.0], [0.0, 0.0, 0.0], [0.0, 0.0, 0.0], [0.0, 0.0, 0.0], [0.0, 0.0, 0.0], [0.0, 0.0, 0.0], [0.0, 0.0, 0.0], [0.0, 0.0, 0.0]], "train.top5": [[0.0, 0.0, 0.0], [0.0, 0.0, 0.0], [0.0, 0.0, 0.0], [0.0, 0.0, 0.0], [0.0, 0.0, 0.0], [0.0, 0.0, 0.0], [0.0, 0.0, 0.0], [0.0, 0.0, 0.0], [0.0, 0.0, 0.0], [0.0, 0.0, 0.0], [0.0, 0.0, 0.0], [0.0, 0.0, 0.0], [0.0, 0.0, 0.0]], "train.loss": [[1.5608294010162354, 1.24020254611969, 1.123747706413269], [1.2309049367904663, 0.8010218739509583, 0.9487857222557068], [0.7472919225692749, 0.7291173338890076, 0.979165256023407], [0.6323177218437195, 0.6696177124977112, 0.5794217586517334], [0.6413166522979736, 0.6216889023780823, 0.5810535550117493], [0.4324494004249573, 0.5476465225219727, 0.6566886305809021], [0.5315603613853455, 0.3879799246788025, 0.5783944725990295], [0.5376563668251038, 0.6265994906425476, 0.5794435739517212], [0.549802303314209, 0.4423366189002991, 0.417886883020401], [0.40197134017944336, 0.4653540253639221, 0.49605557322502136], [0.33393627405166626, 0.41209250688552856, 0.586940586566925], [0.4874430298805237, 0.3718487024307251, 0.5231879353523254], [0.375070720911026, 0.298348993062973, 0.34559839963912964]], "train.compute_ips": [[2038.141436229177, 1477.6561875560792, 1746.3476034805237], [1251.3598396382538, 1565.6732176342443, 1807.7983399276034], [3098.410669867781, 774.8709854341187, 1005.0694488386504], [1136.5955583783211, 2372.1342500132555, 1210.1908413637645], [1458.7535716808773, 3089.4955602999316, 1235.518091919794], [1654.2620956559786, 1821.636582643128, 1378.4264495572313], [1749.3008022000222, 2286.434867785032, 854.9675878224616], [1824.5276565664803, 1638.270010314123, 1237.79124945531], [1215.979851102912, 2909.17565458644, 1797.5688882192424], [1297.554384709829, 1904.8445493090173, 1372.2711871338452], [1030.65824792043, 1291.4864373346163, 1803.6017281113732], [2734.5332450466053, 1859.0163611998905, 1886.0738169682065], [2158.1969375982376, 1385.5770160863651, 2240.303920014021]],