{"run": {"data": "/data/LargeData/Large/ImageNet", "dataset": "imagenet", "data_backend": "pytorch", "arch": "resnet18", "model_config": "fanin", "workers": 5, "epochs": 90, "start_epoch": 0, "batch_size": 128, "optimizer_batch_size": 512, "lr": 0.512, "lr_schedule": "cosine", "warmup": 4, "label_smoothing": 0.1, "mixup": 0.0, "momentum": 0.875, "weight_decay": 3.0517578125e-05, "bn_weight_decay": false, "nesterov": false, "print_freq": 100, "resume": "", "pretrained_weights": "", "fp16": false, "static_loss_scale": 128.0, "dynamic_loss_scale": false, "prof": -1, "amp": true, "local_rank": 0, "seed": null, "gather_checkpoints": true, "raport_file": "raport.json", "final_weights": "model.pth.tar", "evaluate": false, "training_only": false, "save_checkpoints": true, "workspace": "./results/imagenet/exact", "qa": true, "qw": true, "qg": true, "biased": false, "abits": 8, "wbits": 8, "biasbits": 16, "bbits": 8, "bwbits": 8, "persample": false, "hadamard": false, "biprecision": true, "distributed": true, "gpu": 0, "world_size": 4}, "epoch": {"ep": [0, 1, 2, 3], "train.top1": [0.0, 0.0, 0.0], "train.top5": [0.0, 0.0, 0.0], "train.loss": [5.348305340102917, 4.273568840240308, 3.835015386128597], "train.compute_ips": [4103.752299498258, 4099.893111690876, 4112.477993132806], "train.total_ips": [3486.0226518794416, 3596.8632980742514, 3594.894345706284], "train.data_time": [0.11196800930608662, 0.09512594111150594, 0.08729242890985876], "train.compute_time": [0.32120325191796634, 0.30893450641898895, 0.30481283181259355], "val.top1": [19.842440313222458, 34.23862289895817, 39.06306940195512], "val.top5": [42.29284348779795, 60.294240445506816, 65.30118747633331], "val.loss": [4.59733737244898, 3.774433992346939, 3.54110032684949], "val.compute_ips": [9395.126555889474, 11527.073022450995, 10931.102482268634], "val.total_ips": [8619.524974070084, 9609.875058218964, 8554.073089895512], "val.data_time": [0.08362706826657665, 0.17525212375485166, 0.29470227932443427], "val.compute_time": [0.5142712520093334, 0.36132360721121026, 0.4088359495409492]}, "iter": {"it": [[100, 200, 300, 400, 500, 600, 700, 800, 900, 1000, 1100, 1200, 1300, 1400, 1500, 1600, 1700, 1800, 1900, 2000, 2100, 2200, 2300, 2400, 2500], [100, 200, 300, 400, 500, 600, 700, 800, 900, 1000, 1100, 1200, 1300, 1400, 1500, 1600, 1700, 1800, 1900, 2000, 2100, 2200, 2300, 2400, 2500], [100, 200, 300, 400, 500, 600, 700, 800, 900, 1000, 1100, 1200, 1300, 1400, 1500, 1600, 1700, 1800, 1900, 2000, 2100, 2200, 2300, 2400, 2500], [100, 200, 300, 400, 500, 600, 700, 800, 900, 1000, 1100, 1200, 1300, 1400, 1500, 1600, 1700, 1800, 1900, 2000, 2100, 2200, 2300, 2400, 2500]], "lr": [[0.128, 0.128, 0.128, 0.128, 0.128, 0.128, 0.128, 0.128, 0.128, 0.128, 0.128, 0.128, 0.128, 0.128, 0.128, 0.128, 0.128, 0.128, 0.128, 0.128, 0.128, 0.128, 0.128, 0.128, 0.128, 0.256, 0.256, 0.256, 0.256, 0.256, 0.256, 0.256, 0.256, 0.256, 0.256, 0.256, 0.256, 0.256, 0.256, 0.256, 0.256, 0.256, 0.256, 0.256, 0.256, 0.256, 0.256, 0.256, 0.256, 0.256, 0.384, 0.384, 0.384, 0.384, 0.384, 0.384, 0.384, 0.384, 0.384, 0.384, 0.384, 0.384, 0.384, 0.384, 0.384, 0.384, 0.384, 0.384, 0.384, 0.384, 0.384, 0.384, 0.384, 0.384, 0.384, 0.512, 0.512, 0.512, 0.512, 0.512, 0.512, 0.512, 0.512, 0.512, 0.512, 0.512, 0.512, 0.512, 0.512, 0.512, 0.512, 0.512, 0.512, 0.512, 0.512, 0.512, 0.512, 0.512, 0.512, 0.512]], "train.top1": [[0.0, 0.0, 0.0, 0.0, 0.0, 0.0, 0.0, 0.0, 0.0, 0.0, 0.0, 0.0, 0.0, 0.0, 0.0, 0.0, 0.0, 0.0, 0.0, 0.0, 0.0, 0.0, 0.0, 0.0, 0.0], [0.0, 0.0, 0.0, 0.0, 0.0, 0.0, 0.0, 0.0, 0.0, 0.0, 0.0, 0.0, 0.0, 0.0, 0.0, 0.0, 0.0, 0.0, 0.0, 0.0, 0.0, 0.0, 0.0, 0.0, 0.0], [0.0, 0.0, 0.0, 0.0, 0.0, 0.0, 0.0, 0.0, 0.0, 0.0, 0.0, 0.0, 0.0, 0.0, 0.0, 0.0, 0.0, 0.0, 0.0, 0.0, 0.0, 0.0, 0.0, 0.0, 0.0], [0.0, 0.0, 0.0, 0.0, 0.0, 0.0, 0.0, 0.0, 0.0, 0.0, 0.0, 0.0, 0.0, 0.0, 0.0, 0.0, 0.0, 0.0, 0.0, 0.0, 0.0, 0.0, 0.0, 0.0, 0.0]], "train.top5": [[0.0, 0.0, 0.0, 0.0, 0.0, 0.0, 0.0, 0.0, 0.0, 0.0, 0.0, 0.0, 0.0, 0.0, 0.0, 0.0, 0.0, 0.0, 0.0, 0.0, 0.0, 0.0, 0.0, 0.0, 0.0], [0.0, 0.0, 0.0, 0.0, 0.0, 0.0, 0.0, 0.0, 0.0, 0.0, 0.0, 0.0, 0.0, 0.0, 0.0, 0.0, 0.0, 0.0, 0.0, 0.0, 0.0, 0.0, 0.0, 0.0, 0.0], [0.0, 0.0, 0.0, 0.0, 0.0, 0.0, 0.0, 0.0, 0.0, 0.0, 0.0, 0.0, 0.0, 0.0, 0.0, 0.0, 0.0, 0.0, 0.0, 0.0, 0.0, 0.0, 0.0, 0.0, 0.0], [0.0, 0.0, 0.0, 0.0, 0.0, 0.0, 0.0, 0.0, 0.0, 0.0, 0.0, 0.0, 0.0, 0.0, 0.0, 0.0, 0.0, 0.0, 0.0, 0.0, 0.0, 0.0, 0.0, 0.0, 0.0]], "train.loss": [[6.689453125, 6.322265625, 6.1474609375, 5.9912109375, 5.841796875, 5.763671875, 5.677734375, 5.4912109375, 5.55078125, 5.384765625, 5.416015625, 5.3173828125, 5.1640625, 5.19140625, 5.1591796875, 5.138671875, 4.990234375, 4.7548828125, 4.7861328125, 4.7587890625, 4.7919921875, 4.8369140625, 4.5283203125, 4.6572265625, 4.515625], [4.7568359375, 4.7119140625, 4.6103515625, 4.4287109375, 4.3984375, 4.3828125, 4.3603515625, 4.482421875, 4.234375, 4.3515625, 4.33203125, 4.1884765625, 4.119140625, 4.20166015625, 4.23828125, 4.1669921875, 4.05078125, 4.0791015625, 4.05859375, 4.14208984375, 4.12841796875, 3.9140625, 3.98095703125, 3.87646484375, 3.97900390625], [4.10302734375, 4.0380859375, 3.88916015625, 4.01025390625, 4.01806640625, 4.07861328125, 3.9189453125, 3.8662109375, 3.91259765625, 3.88037109375, 3.78369140625, 3.9853515625, 3.93017578125, 3.71533203125, 3.732421875, 3.71142578125, 3.7861328125, 3.701171875, 3.6767578125, 3.62841796875, 3.78076171875, 3.60986328125, 3.5654296875, 3.71240234375, 3.51611328125], [3.74462890625, 3.7666015625, 3.64501953125, 3.5888671875, 3.88134765625, 3.87158203125, 3.5791015625, 3.73046875, 3.64892578125, 3.47705078125, 3.60107421875, 3.60986328125, 3.525390625, 3.52685546875, 3.3876953125, 3.68798828125, 3.58935546875, 3.7734375, 3.5771484375, 3.49609375, 3.439453125, 3.4140625, 3.48486328125, 3.56689453125, 3.521484375]], "train.compute_ips": [[5559.52594939822, 5196.786432835713, 652.1232651415216, 5253.088639054412, 5607.636491825453, 433.3690554581407, 5156.50600656484, 4764.636582481535, 5325.4399206447615, 5569.185889040744, 5297.5497825459515, 577.0999740941276, 277.1737392435442, 1288.7860940872024, 5388.376694936518, 5597.492637840121, 5596.384012592285, 5548.838282753898, 5229.894641478555, 5623.40729490446, 5298.660823907937, 5656.303891355996, 5274.610076239881, 5590.934801002862, 5625.278051949413], [927.7429205871933, 5180.4015245814635, 5299.288441417431, 457.6543725239058, 5290.046133987605, 5480.623450866698, 1519.5237454369717, 5395.185995271796, 5618.140513445705, 5550.229371598117, 4982.572228705867, 989.3940061847387, 4908.646250200005, 5181.213940527173, 2896.4468830082815, 5249.005548467206, 5627.592441279982, 4236.428329345109, 5087.063830996859, 5646.102117008634, 5497.248533842574, 396.6976856139052, 330.17185641327774, 4713.528639157155, 5623.495649122623], [5573.681247891199, 4915.905101134501, 5581.039778368011, 388.87957969176597, 548.667818771404, 4464.650814869947, 2773.1222016756374, 4068.0899211002397, 3776.638736034244, 4836.021366482007, 5030.343091921875, 4727.432853431956, 4233.271595763345, 490.3913725171393, 2414.234873396447, 5616.34794161569, 5300.674956927831, 4939.651031411589, 5633.586262077216, 5649.146894721197, 392.16590780387793, 5278.240084944059, 4903.15459153386, 5610.683889441906, 5081.610813087585], [2322.8293932366482, 2467.8727613724122, 3906.9451331555256, 3437.992626070028, 2499.879106206383, 2615.0110056574777, 2252.256361689431, 3266.7012196791534, 2513.1641041364833, 3775.3573176563245, 2468.4259173476203, 3578.560879324509, 2240.647531721446, 3308.784173182851, 2397.7433105522723, 4016.7735906581947, 3995.5637239123516, 3039.2991061066673, 5663.613473568724, 3803.454480406083, 3930.6293960237654, 4149.237767142424, 2390.4515321825684, 4779.408101130597, 3047.7058625676427]],